{
  "charter_flights_last_error_alert": 1783612971.3221214,
  "flights_last_error_alert": 1782912081.591264,
  "telegram_channel_last_error_alert": 1784010227.993206,
  "tours_last_error_alert": 1784561009.0320723
}