{
  "flights_last_error_alert": 1782912081.591264,
  "tours_last_error_alert": 1783147887.4030008
}