{
  "charter_flights_last_error_alert": 1783612971.3221214,
  "flights_last_error_alert": 1782912081.591264,
  "tours_last_error_alert": 1783612992.4672909
}